ID_sample	localisation	Gene	Ensembl_ID	type_alt	seq_ref	seq_alt	seq_before_mut	seq_mut	seq_after_mut	kmer_ref	kmer_alt	count_ref	count_alt	%ratio
BA2068R-BM	ChrX:130014218	BCORL1	ENST00000540052	Mutation 	G	A	CTTACGCTCCCTGTCCTGCC	A	TCCTACCTGCAGGACAGGTG	CTTACGCTCCCTGTCCTGCCGTCCTACCTGCAGGACAGGTG	CTTACGCTCCCTGTCCTGCCATCCTACCTGCAGGACAGGTG	0	13	100.0%
BA2499R-PBMC	ChrX:130014218	BCORL1	ENST00000540052	Mutation 	G	A	CTTACGCTCCCTGTCCTGCC	A	TCCTACCTGCAGGACAGGTG	CTTACGCTCCCTGTCCTGCCGTCCTACCTGCAGGACAGGTG	CTTACGCTCCCTGTCCTGCCATCCTACCTGCAGGACAGGTG	0	37	100.0%
BA3318	ChrX:130014218	BCORL1	ENST00000540052	Mutation 	G	A	CTTACGCTCCCTGTCCTGCC	A	TCCTACCTGCAGGACAGGTG	CTTACGCTCCCTGTCCTGCCGTCCTACCTGCAGGACAGGTG	CTTACGCTCCCTGTCCTGCCATCCTACCTGCAGGACAGGTG	0	9	100.0%
BA3353	ChrX:130014218	BCORL1	ENST00000540052	Mutation 	G	A	CTTACGCTCCCTGTCCTGCC	A	TCCTACCTGCAGGACAGGTG	CTTACGCTCCCTGTCCTGCCGTCCTACCTGCAGGACAGGTG	CTTACGCTCCCTGTCCTGCCATCCTACCTGCAGGACAGGTG	0	31	100.0%
BA2081R-BM	ChrX:130013288	BCORL1	ENST00000540052	Mutation 	T	C	CAAGGTGTTGGAGAGAAGAA	C	ACTTTCATTTTGGCAACTCT	CAAGGTGTTGGAGAGAAGAATACTTTCATTTTGGCAACTCT	CAAGGTGTTGGAGAGAAGAACACTTTCATTTTGGCAACTCT	0	18	100.0%
BA2420R-BM	ChrX:130013288	BCORL1	ENST00000540052	Mutation 	T	C	CAAGGTGTTGGAGAGAAGAA	C	ACTTTCATTTTGGCAACTCT	CAAGGTGTTGGAGAGAAGAATACTTTCATTTTGGCAACTCT	CAAGGTGTTGGAGAGAAGAACACTTTCATTTTGGCAACTCT	0	17	100.0%
BA2510R-PBMC	ChrX:130013288	BCORL1	ENST00000540052	Mutation 	T	C	CAAGGTGTTGGAGAGAAGAA	C	ACTTTCATTTTGGCAACTCT	CAAGGTGTTGGAGAGAAGAATACTTTCATTTTGGCAACTCT	CAAGGTGTTGGAGAGAAGAACACTTTCATTTTGGCAACTCT	0	14	100.0%
BA2675R-PBMC	ChrX:130013288	BCORL1	ENST00000540052	Mutation 	T	C	CAAGGTGTTGGAGAGAAGAA	C	ACTTTCATTTTGGCAACTCT	CAAGGTGTTGGAGAGAAGAATACTTTCATTTTGGCAACTCT	CAAGGTGTTGGAGAGAAGAACACTTTCATTTTGGCAACTCT	0	8	100.0%
BA2972R-BM	ChrX:130013288	BCORL1	ENST00000540052	Mutation 	T	C	CAAGGTGTTGGAGAGAAGAA	C	ACTTTCATTTTGGCAACTCT	CAAGGTGTTGGAGAGAAGAATACTTTCATTTTGGCAACTCT	CAAGGTGTTGGAGAGAAGAACACTTTCATTTTGGCAACTCT	0	22	100.0%
BA3367	ChrX:130013288	BCORL1	ENST00000540052	Mutation 	T	C	CAAGGTGTTGGAGAGAAGAA	C	ACTTTCATTTTGGCAACTCT	CAAGGTGTTGGAGAGAAGAATACTTTCATTTTGGCAACTCT	CAAGGTGTTGGAGAGAAGAACACTTTCATTTTGGCAACTCT	0	16	100.0%
BA3394	ChrX:130013288	BCORL1	ENST00000540052	Mutation 	T	C	CAAGGTGTTGGAGAGAAGAA	C	ACTTTCATTTTGGCAACTCT	CAAGGTGTTGGAGAGAAGAATACTTTCATTTTGGCAACTCT	CAAGGTGTTGGAGAGAAGAACACTTTCATTTTGGCAACTCT	0	22	100.0%
BA2124R-BM	ChrX:130015930	BCORL1	ENST00000540052	Mutation 	A	G	GGGGCGAGTGAAAATGGAGA	G	GGTGGATGGTGATGTGGTCT	GGGGCGAGTGAAAATGGAGAAGGTGGATGGTGATGTGGTCT	GGGGCGAGTGAAAATGGAGAGGGTGGATGGTGATGTGGTCT	0	29	100.0%
BA3357	ChrX:130015930	BCORL1	ENST00000540052	Mutation 	A	G	GGGGCGAGTGAAAATGGAGA	G	GGTGGATGGTGATGTGGTCT	GGGGCGAGTGAAAATGGAGAAGGTGGATGGTGATGTGGTCT	GGGGCGAGTGAAAATGGAGAGGGTGGATGGTGATGTGGTCT	0	35	100.0%
BA2175R-PBMC	ChrX:130025379	BCORL1	ENST00000540052	Insertion 	-	GTAAGGCTGGCAGTCAGTCTG	GCGGCGGAAAGGGAGAGCAG	GTAAGGCTGGCAGTCAGTCTG	ATTTAAAGGCCCGTAAGCAG	GCGGCGGAAAGGGAGAGCAGATTTAAAGGCCCGTAAGCAG	GCGGCGGAAAGGGAGAGCAGGTAAGGCTGGCAGTCAGTCTGATTTAAAGGCCCGTAAGCAG	9	8	47.06%
BA2233R-BM	ChrX:130037516	BCORL1	ENST00000540052	Mutation 	T	C	GGGGCCAACGTGAACTGCAG	C	GCGCAGGACGGCACGAGGCC	GGGGCCAACGTGAACTGCAGTGCGCAGGACGGCACGAGGCC	GGGGCCAACGTGAACTGCAGCGCGCAGGACGGCACGAGGCC	0	28	100.0%
BA2272R-PBMC	ChrX:130013555	BCORL1	ENST00000540052	Mutation 	G	A	GTCCCGGCTCTGGCTCCAGC	A	CCACCGTCAGTGCCCACGCT	GTCCCGGCTCTGGCTCCAGCGCCACCGTCAGTGCCCACGCT	GTCCCGGCTCTGGCTCCAGCACCACCGTCAGTGCCCACGCT	0	22	100.0%
BA2867R-BM	ChrX:130013555	BCORL1	ENST00000540052	Mutation 	G	A	GTCCCGGCTCTGGCTCCAGC	A	CCACCGTCAGTGCCCACGCT	GTCCCGGCTCTGGCTCCAGCGCCACCGTCAGTGCCCACGCT	GTCCCGGCTCTGGCTCCAGCACCACCGTCAGTGCCCACGCT	0	39	100.0%
BA3333	ChrX:130013555	BCORL1	ENST00000540052	Mutation 	G	A	GTCCCGGCTCTGGCTCCAGC	A	CCACCGTCAGTGCCCACGCT	GTCCCGGCTCTGGCTCCAGCGCCACCGTCAGTGCCCACGCT	GTCCCGGCTCTGGCTCCAGCACCACCGTCAGTGCCCACGCT	0	42	100.0%
BA2296R-BM	ChrX:130015000	BCORL1	ENST00000540052	Mutation 	G	A	GGGCCTCAACCGTGACCCCC	A	CCATCTCCCCAAGCAGGAGC	GGGCCTCAACCGTGACCCCCGCCATCTCCCCAAGCAGGAGC	GGGCCTCAACCGTGACCCCCACCATCTCCCCAAGCAGGAGC	0	16	100.0%
BA2472R-BM	ChrX:130015789	BCORL1	ENST00000540052	Mutation 	T	C	CCCCCAGAACCTGCCTAAGA	C	GCCTGAGCTGCCTTTGCTAC	CCCCCAGAACCTGCCTAAGATGCCTGAGCTGCCTTTGCTAC	CCCCCAGAACCTGCCTAAGACGCCTGAGCTGCCTTTGCTAC	0	19	100.0%
BA2597R-PBMC	ChrX:130014307	BCORL1	ENST00000540052	Insertion 	-	T	TTTTCTGTGGCCCGGCCTCT	T	GACTTCGGATTCCAAGCTGG	TTTTCTGTGGCCCGGCCTCTGACTTCGGATTCCAAGCTGG	TTTTCTGTGGCCCGGCCTCTTGACTTCGGATTCCAAGCTGG	0	38	100.0%
BA2629R-BM	ChrX:130025312	BCORL1	ENST00000540052	Mutation 	C	T	AAACGAAGACGGCAGAAGAG	T	CGAAAATATCAGACTGGGGA	AAACGAAGACGGCAGAAGAGCCGAAAATATCAGACTGGGGA	AAACGAAGACGGCAGAAGAGTCGAAAATATCAGACTGGGGA	0	35	100.0%
BA3053R-PBMC	ChrX:130025312	BCORL1	ENST00000540052	Mutation 	C	T	AAACGAAGACGGCAGAAGAG	T	CGAAAATATCAGACTGGGGA	AAACGAAGACGGCAGAAGAGCCGAAAATATCAGACTGGGGA	AAACGAAGACGGCAGAAGAGTCGAAAATATCAGACTGGGGA	0	23	100.0%
BA3245	ChrX:130025312	BCORL1	ENST00000540052	Mutation 	C	T	AAACGAAGACGGCAGAAGAG	T	CGAAAATATCAGACTGGGGA	AAACGAAGACGGCAGAAGAGCCGAAAATATCAGACTGGGGA	AAACGAAGACGGCAGAAGAGTCGAAAATATCAGACTGGGGA	0	10	100.0%
BA3293	ChrX:130025312	BCORL1	ENST00000540052	Mutation 	C	T	AAACGAAGACGGCAGAAGAG	T	CGAAAATATCAGACTGGGGA	AAACGAAGACGGCAGAAGAGCCGAAAATATCAGACTGGGGA	AAACGAAGACGGCAGAAGAGTCGAAAATATCAGACTGGGGA	0	121	100.0%
BA2639R-PBMC	ChrX:130013458	BCORL1	ENST00000540052	Mutation 	C	A	GGTTCCCCTCTCCGTCCCTG	A	CCCAGTCCCCCATTCAGGGC	GGTTCCCCTCTCCGTCCCTGCCCCAGTCCCCCATTCAGGGC	GGTTCCCCTCTCCGTCCCTGACCCAGTCCCCCATTCAGGGC	0	55	100.0%
BA2704R-BM	ChrX:130013718	BCORL1	ENST00000540052	Mutation 	C	T	TTTCAGCTCCTCCCTTGGCT	T	TCATCCAGGCTCCTGTGCCC	TTTCAGCTCCTCCCTTGGCTCTCATCCAGGCTCCTGTGCCC	TTTCAGCTCCTCCCTTGGCTTTCATCCAGGCTCCTGTGCCC	0	32	100.0%
BA2714R-PBMC	ChrX:130013260	BCORL1	ENST00000540052	Deletion 	C	-	GCCGGAGTAAAGGCTTTGGA	C	TCTCGGCAAGGTGTTGGAGA	GCCGGAGTAAAGGCTTTGGACTCTCGGCAAGGTGTTGGAGAG	GCCGGAGTAAAGGCTTTGGACTCTCGGCAAGGTGTTGGAGA	0	42	100.0%
BA2914R-BM	ChrX:130014797	BCORL1	ENST00000540052	Mutation 	T	C	ACCCAGGCTGCCGGTGGCAA	C	GTCACCTCCTGCCTGGGCTC	ACCCAGGCTGCCGGTGGCAATGTCACCTCCTGCCTGGGCTC	ACCCAGGCTGCCGGTGGCAACGTCACCTCCTGCCTGGGCTC	0	26	100.0%
BA2921R-PBMC	ChrX:130014201	BCORL1	ENST00000540052	Insertion 	-	A	AGGGGTTTCCTCCACTCTTA	A	CGCTCCCTGTCCTGCCGTCC	AGGGGTTTCCTCCACTCTTACGCTCCCTGTCCTGCCGTCC	AGGGGTTTCCTCCACTCTTAACGCTCCCTGTCCTGCCGTCC	0	65	100.0%
BA2950R-PBMC	ChrX:130014471	BCORL1	ENST00000540052	Mutation 	C	T	TGCTTCCAACTCCACAGCCT	T	TGCTGCCAGCCCCCAGTGGG	TGCTTCCAACTCCACAGCCTCTGCTGCCAGCCCCCAGTGGG	TGCTTCCAACTCCACAGCCTTTGCTGCCAGCCCCCAGTGGG	0	45	100.0%
BA3135	ChrX:130014471	BCORL1	ENST00000540052	Mutation 	C	T	TGCTTCCAACTCCACAGCCT	T	TGCTGCCAGCCCCCAGTGGG	TGCTTCCAACTCCACAGCCTCTGCTGCCAGCCCCCAGTGGG	TGCTTCCAACTCCACAGCCTTTGCTGCCAGCCCCCAGTGGG	0	15	100.0%
BA3153	ChrX:130014471	BCORL1	ENST00000540052	Mutation 	C	T	TGCTTCCAACTCCACAGCCT	T	TGCTGCCAGCCCCCAGTGGG	TGCTTCCAACTCCACAGCCTCTGCTGCCAGCCCCCAGTGGG	TGCTTCCAACTCCACAGCCTTTGCTGCCAGCCCCCAGTGGG	0	26	100.0%
BA3153	ChrX:130016031	BCORL1	ENST00000540052	Mutation 	G	A	CTGAAGTTCGGGCTAAGGCC	A	GGCAGGCTCGAGTGAAACAG	CTGAAGTTCGGGCTAAGGCCGGGCAGGCTCGAGTGAAACAG	CTGAAGTTCGGGCTAAGGCCAGGCAGGCTCGAGTGAAACAG	0	21	100.0%
BA2989R-BM	ChrX:130013682	BCORL1	ENST00000540052	Insertion 	-	TCCTGCCC	GTCGGCTCCAGCTCCTGCCC	TCCTGCCC	CGCTTTCAGTCCCAGTTTCA	GTCGGCTCCAGCTCCTGCCCCGCTTTCAGTCCCAGTTTCA	GTCGGCTCCAGCTCCTGCCCTCCTGCCCCGCTTTCAGTCCCAGTTTCA	0	77	100.0%
BA3013R-BM	ChrX:130015726	BCORL1	ENST00000540052	Mutation 	A	G	AGACACGAAGCCTAAGAACC	G	AGTGCTGGCCACCTACATGT	AGACACGAAGCCTAAGAACCAAGTGCTGGCCACCTACATGT	AGACACGAAGCCTAAGAACCGAGTGCTGGCCACCTACATGT	0	16	100.0%
BA3085	ChrX:130014606	BCORL1	ENST00000540052	Mutation 	G	A	CACAGCTGGAACGAGAGATG	A	CCTCTCCACCTGAGTGCAGC	CACAGCTGGAACGAGAGATGGCCTCTCCACCTGAGTGCAGC	CACAGCTGGAACGAGAGATGACCTCTCCACCTGAGTGCAGC	0	64	100.0%
BA3094	ChrX:130013263	BCORL1	ENST00000540052	Deletion 	TC	-	GGAGTAAAGGCTTTGGACTC	TC	GGCAAGGTGTTGGAGAGAAG	GGAGTAAAGGCTTTGGACTCTCGGCAAGGTGTTGGAGAGAAGA	GGAGTAAAGGCTTTGGACTCTCGGCAAGGTGTTGGAGAGAAG	14	34	70.83%
BA3177	ChrX:130034483	BCORL1	ENST00000540052	Insertion 	-	GTGG	CGTTGGAGCCAGCAGAAGAC	GTGG	ACGATCTCCCAAATCTCCCA	CGTTGGAGCCAGCAGAAGACACGATCTCCCAAATCTCCCA	CGTTGGAGCCAGCAGAAGACGTGGACGATCTCCCAAATCTCCCA	2	83	97.65%
BA3210	ChrX:130014664	BCORL1	ENST00000540052	Insertion 	-	A	TCCTCCAAGTCCAACCGCCA	A	GAAGCTTCCATTGCCGAACC	TCCTCCAAGTCCAACCGCCAGAAGCTTCCATTGCCGAACC	TCCTCCAAGTCCAACCGCCAAGAAGCTTCCATTGCCGAACC	20	17	45.95%
BA3221	ChrX:130015404	BCORL1	ENST00000540052	Mutation 	A	G	GTGTGCCATCTCTCAGCTCC	G	GCGAAGCCGTGCACGGACTT	GTGTGCCATCTCTCAGCTCCAGCGAAGCCGTGCACGGACTT	GTGTGCCATCTCTCAGCTCCGGCGAAGCCGTGCACGGACTT	5	11	68.75%
BA3286	ChrX:130015404	BCORL1	ENST00000540052	Mutation 	A	G	GTGTGCCATCTCTCAGCTCC	G	GCGAAGCCGTGCACGGACTT	GTGTGCCATCTCTCAGCTCCAGCGAAGCCGTGCACGGACTT	GTGTGCCATCTCTCAGCTCCGGCGAAGCCGTGCACGGACTT	0	33	100.0%
BA3311	ChrX:130015756	BCORL1	ENST00000540052	Mutation 	TG	T	CACCTACATGTCCCATGAGC	CT	GTCCTGGCCACCCCCCAGAA	CACCTACATGTCCCATGAGCTGGTCCTGGCCACCCCCCAGAA	CACCTACATGTCCCATGAGCCTGTCCTGGCCACCCCCCAGAA	0	41	100.0%
BA3381	ChrX:130050727	BCORL1	ENST00000540052	Mutation 	G	A	TTTCTCAGTGATCACCTCTC	A	GATCTTCAGGGCCGGGCAGA	TTTCTCAGTGATCACCTCTCGGATCTTCAGGGCCGGGCAGA	TTTCTCAGTGATCACCTCTCAGATCTTCAGGGCCGGGCAGA	0	70	100.0%
BA3110	ChrX:130014836	BCORL1	ENST00000540052	Mutation 	C	T	TCCACTTCCTCGCCCTTTGT	T	ATCTTTCCCGAGATCGTGAG	TCCACTTCCTCGCCCTTTGTCATCTTTCCCGAGATCGTGAG	TCCACTTCCTCGCCCTTTGTTATCTTTCCCGAGATCGTGAG	0	8	100.0%
BA3415	ChrX:130014836	BCORL1	ENST00000540052	Mutation 	C	T	TCCACTTCCTCGCCCTTTGT	T	ATCTTTCCCGAGATCGTGAG	TCCACTTCCTCGCCCTTTGTCATCTTTCCCGAGATCGTGAG	TCCACTTCCTCGCCCTTTGTTATCTTTCCCGAGATCGTGAG	0	35	100.0%
BA3450	ChrX:130051927	BCORL1	ENST00000540052	Mutation 	C	T	AGCTCAGATCAAGAAGGAGA	T	GATCCGATGGAGGAGGATGA	AGCTCAGATCAAGAAGGAGACGATCCGATGGAGGAGGATGA	AGCTCAGATCAAGAAGGAGATGATCCGATGGAGGAGGATGA	0	20	100.0%
